{
    "mu": [
        -12.944061666732386,
        2.837529809193692
    ],
    "inv_cov": [
        [
            0.4081227833215332,
            -0.03660952038426372
        ],
        [
            -0.03660952038426372,
            2.478332399908088
        ]
    ],
    "threshold": 8.189491205466915
}